<?xml version="1.0" encoding="UTF-8"?>
<project-private xmlns="http://www.netbeans.org/ns/project-private/1">
    <editor-bookmarks xmlns="http://www.netbeans.org/ns/editor-bookmarks/2" lastBookmarkId="0"/>
    <open-files xmlns="http://www.netbeans.org/ns/projectui-open-files/2">
        <group>
            <file>file:/media/mash/ALFO/Agachaditos/src/GUI/SistLogin.java</file>
            <file>file:/media/mash/ALFO/Agachaditos/src/GUI/SistMesero.java</file>
            <file>file:/media/mash/ALFO/Agachaditos/src/BL/BLGestionarMesa.java</file>
            <file>file:/media/mash/ALFO/Agachaditos/src/GUI/RegistroOrden.java</file>
        </group>
    </open-files>
</project-private>
